referal link,home_link,count
https://en.wikipedia.org/wiki/Google,/google,""
https://en.wikipedia.org/wiki/rohit_sharma,/google,""
https://en.wikipedia.org/wiki/Google,/google,""
https://en.wikipedia.org/wiki/Google,/google,""
https://en.wikipedia.org/wiki/Google,/google,""
https://en.wikipedia.org/wiki/dhnoi,/google,""
https://en.wikipedia.org/wiki/Google,/google,""
https://en.wikipedia.org/wiki/rohit_sharma,/google,""
https://en.wikipedia.org/wiki/Google,/google,""
https://en.wikipedia.org/wiki/Chetan_(actor),/wiki/Tamils,""
